bibtex_key,bibtex_type,title,author,year,booktitle,journal,venue,doi,url,other_fields,raw_bibtex
a0478afc6fb9,inproceedings,Classifier-Free Diffusion Guidance,Jonathan Ho and Tim Salimans,2022,NeurIPS,,,10.48550/arXiv.2207.12598,,,"@inproceedings{a0478afc6fb9,
  author = {Jonathan Ho and Tim Salimans},
  booktitle = {NeurIPS},
  doi = {10.48550/arXiv.2207.12598},
  title = {Classifier-Free Diffusion Guidance},
  year = {2022},
}"
a0d07ad12df1,inproceedings,Quantizing deep convolutional networks for efficient inference: A whitepaper,Itay Hubara and Matthieu Courbariaux and Daniel Soudry and Rami El-Yaniv and Yoshua Bengio,2021,arXiv,,,,,,"@inproceedings{a0d07ad12df1,
  author = {Itay Hubara and Matthieu Courbariaux and Daniel Soudry and Rami El-Yaniv and Yoshua Bengio},
  booktitle = {arXiv},
  title = {Quantizing deep convolutional networks for efficient inference: A whitepaper},
  year = {2021},
}"
a1591b542652,inproceedings,Adavit: Adaptive tokens for efficient vision transformer,Raphael Muller and Simon Kornblith and Geoffrey Hinton,2021,ICLR,,,,,,"@inproceedings{a1591b542652,
  author = {Raphael Muller and Simon Kornblith and Geoffrey Hinton},
  booktitle = {ICLR},
  title = {Adavit: Adaptive tokens for efficient vision transformer},
  year = {2021},
}"
a1a52be81664,inproceedings,Structured fast fourier transform attention for vision transformers,Yoonwoo Lee and Jaehyeong Kang and Namil Kim and Jinwoo Shin and Honglak Lee,2022,,,,,,,"@inproceedings{a1a52be81664,
  author = {Yoonwoo Lee and Jaehyeong Kang and Namil Kim and Jinwoo Shin and Honglak Lee},
  title = {Structured fast fourier transform attention for vision transformers},
  year = {2022},
}"
a24129d1c5e5,inproceedings,Flamingo: a Visual Language Model for Few-Shot Learning,Jean-Baptiste Alayrac and Jeff Donahue and Pauline Luc and Antoine Miech and Iain Barr and Yana Hasson and Karel Lenc and Arthur Mensch and Katie Millican and Malcolm Reynolds and Serkan Cabi and Tengda Han and Zhitao Gong and Skanda Koppula and Andrew Zisserman and Michal Valko and Ludovic Denoyer and Jo{\~a}o Carreira and Karen Simonyan,2022,NeurIPS,,,10.48550/arXiv.2204.14198,,,"@inproceedings{a24129d1c5e5,
  author = {Jean-Baptiste Alayrac and Jeff Donahue and Pauline Luc and Antoine Miech and Iain Barr and Yana Hasson and Karel Lenc and Arthur Mensch and Katie Millican and Malcolm Reynolds and Serkan Cabi and Tengda Han and Zhitao Gong and Skanda Koppula and Andrew Zisserman and Michal Valko and Ludovic Denoyer and Jo{\~a}o Carreira and Karen Simonyan},
  booktitle = {NeurIPS},
  doi = {10.48550/arXiv.2204.14198},
  title = {Flamingo: a Visual Language Model for Few-Shot Learning},
  year = {2022},
}"
a482012730fe,inproceedings,Softmatch: Addressing the quantity-quality trade-off in semi-supervised learning,Junyeong Lee and Yiseong Kim and Seungju Park and Hyunjik Lee,2023,,,,,,,"@inproceedings{a482012730fe,
  author = {Junyeong Lee and Yiseong Kim and Seungju Park and Hyunjik Lee},
  title = {Softmatch: Addressing the quantity-quality trade-off in semi-supervised learning},
  year = {2023},
}"
a4d318041956,inproceedings,Person Re-Identification Using Heterogeneous Local Graph Attention Networks,Zhong Zhang and Haijia Zhang and Shuang Liu,2021,CVPR,,,10.1109/CVPR46437.2021.01196,,,"@inproceedings{a4d318041956,
  author = {Zhong Zhang and Haijia Zhang and Shuang Liu},
  booktitle = {CVPR},
  doi = {10.1109/CVPR46437.2021.01196},
  title = {Person Re-Identification Using Heterogeneous Local Graph Attention Networks},
  year = {2021},
}"
a7b8e368f9ac,inproceedings,Not all tokens are equal: Efficient transformer for tokenization and beyond,Xin Wang and Anlin Chen and Lihui Xie and Xin Jin and Cheng Wang and Ping Luo,2021,,,,,,,"@inproceedings{a7b8e368f9ac,
  author = {Xin Wang and Anlin Chen and Lihui Xie and Xin Jin and Cheng Wang and Ping Luo},
  title = {Not all tokens are equal: Efficient transformer for tokenization and beyond},
  year = {2021},
}"
aa2c1918bed1,inproceedings,Adversarial attacks and defenses in toxicity detection: A survey,Xiang Zhang and Xuehai Wei and Xian Zhang and Xue Zhang,2023,AISTATS,,,,,,"@inproceedings{aa2c1918bed1,
  author = {Xiang Zhang and Xuehai Wei and Xian Zhang and Xue Zhang},
  booktitle = {AISTATS},
  title = {Adversarial attacks and defenses in toxicity detection: A survey},
  year = {2023},
}"
aacc02631cc8,inproceedings,Reinforcement learning for optimal hedging,Petter N Kolm and Sebastian Krügel and Sergiy V Zadorozhnyi,2023,ACL,,,,,,"@inproceedings{aacc02631cc8,
  author = {Petter N Kolm and Sebastian Krügel and Sergiy V Zadorozhnyi},
  booktitle = {ACL},
  title = {Reinforcement learning for optimal hedging},
  year = {2023},
}"
aaefe29933ae,inproceedings,Flash{A}ttention: Fast and Memory-Efficient Exact Attention with {IO}-Awareness,Tri Dao and Daniel Fu and Stefano Ermon and Atri Rudra and R{\'e,2022,NeurIPS,,,10.48550/arXiv.2205.14135,,,"@inproceedings{aaefe29933ae,
  author = {Tri Dao and Daniel Fu and Stefano Ermon and Atri Rudra and R{\'e},
  booktitle = {NeurIPS},
  doi = {10.48550/arXiv.2205.14135},
  title = {Flash{A}ttention: Fast and Memory-Efficient Exact Attention with {IO}-Awareness},
  year = {2022},
}"
ab0f3b832ff6,inproceedings,MuSR: Testing the Limits of Chain-of-thought with Multistep Soft Reasoning,Zayne Sprague and Xi Ye and Kyle Richardson and Greg Durrett,2023,EMNLP,,,,,,"@inproceedings{ab0f3b832ff6,
  author = {Zayne Sprague and Xi Ye and Kyle Richardson and Greg Durrett},
  booktitle = {EMNLP},
  title = {MuSR: Testing the Limits of Chain-of-thought with Multistep Soft Reasoning},
  year = {2023},
}"
ab9c13051a56,inproceedings,Maskgpt: Uniform denoising diffusion for language,Sheng Shi and et al,2021,arXiv,,,,,,"@inproceedings{ab9c13051a56,
  author = {Sheng Shi and et al},
  booktitle = {arXiv},
  title = {Maskgpt: Uniform denoising diffusion for language},
  year = {2021},
}"
ac6ca276f55a,inproceedings,Modeling and control of freeway traffic flow by state space neural networks,Bart De Schutter and Serge P Hoogendoorn,2021,,,,,,,"@inproceedings{ac6ca276f55a,
  author = {Bart De Schutter and Serge P Hoogendoorn},
  title = {Modeling and control of freeway traffic flow by state space neural networks},
  year = {2021},
}"
ae3f9b4d3927,inproceedings,Kingma and Jimmy Ba,Diederik P,2021,ICLR,,,,,,"@inproceedings{ae3f9b4d3927,
  author = {Diederik P},
  booktitle = {ICLR},
  title = {Kingma and Jimmy Ba},
  year = {2021},
}"
ae61732dac84,inproceedings,Rethinking Attention with Performers,Krzysztof Choromanski and Valerii Likhosherstov and David Dohan and Xingyou Song and Andreea Gane and Tamas Sarlos and Peter Hawkins and Jared Davis and Afroz Mohiuddin and {\L}ukasz Kaiser and David Belanger and Lucy Colwell and Adrian Weller,2021,ICLR,,,10.48550/arXiv.2009.14794,,,"@inproceedings{ae61732dac84,
  author = {Krzysztof Choromanski and Valerii Likhosherstov and David Dohan and Xingyou Song and Andreea Gane and Tamas Sarlos and Peter Hawkins and Jared Davis and Afroz Mohiuddin and {\L}ukasz Kaiser and David Belanger and Lucy Colwell and Adrian Weller},
  booktitle = {ICLR},
  doi = {10.48550/arXiv.2009.14794},
  title = {Rethinking Attention with Performers},
  year = {2021},
}"
afe42d78455d,inproceedings,Efficient 3d gaussian splatting for real-time neural rendering,Bernd Kerbl and Thomas Müller and Paolo Favaro,2022,,,,,,,"@inproceedings{afe42d78455d,
  author = {Bernd Kerbl and Thomas Müller and Paolo Favaro},
  title = {Efficient 3d gaussian splatting for real-time neural rendering},
  year = {2022},
}"
b198ac27e836,inproceedings,Vision transformer compression: Early exiting and token pruning,Siyuan Gong and Alan Yu and Xiaohan Chen and Yinpeng Lin and Larry S Davis,2021,,,,,,,"@inproceedings{b198ac27e836,
  author = {Siyuan Gong and Alan Yu and Xiaohan Chen and Yinpeng Lin and Larry S Davis},
  title = {Vision transformer compression: Early exiting and token pruning},
  year = {2021},
}"
b1b6209cc66e,inproceedings,Llamba: Efficient llms with mamba-based distillation,Wenxuan Sun and Tri Dao and Hongyu Zhuang and Zihang Dai and Albert Gu and Christopher D Manning,2022,arXiv,,,,,,"@inproceedings{b1b6209cc66e,
  author = {Wenxuan Sun and Tri Dao and Hongyu Zhuang and Zihang Dai and Albert Gu and Christopher D Manning},
  booktitle = {arXiv},
  title = {Llamba: Efficient llms with mamba-based distillation},
  year = {2022},
}"
b1ff805837a9,inproceedings,Improved Denoising Diffusion Probabilistic Models,Alexander Quinn Nichol and Prafulla Dhariwal,2021,ICML,,,10.48550/arXiv.2102.09672,,,"@inproceedings{b1ff805837a9,
  author = {Alexander Quinn Nichol and Prafulla Dhariwal},
  booktitle = {ICML},
  doi = {10.48550/arXiv.2102.09672},
  title = {Improved Denoising Diffusion Probabilistic Models},
  year = {2021},
}"
b215b462cfe2,inproceedings,Fedclip: A federated learning framework for vision-language models,Yijie Zang et al,2023,,,,,,,"@inproceedings{b215b462cfe2,
  author = {Yijie Zang et al},
  title = {Fedclip: A federated learning framework for vision-language models},
  year = {2023},
}"
b4268fa6464e,inproceedings,Flamingo: A Visual Language Model for Few-Shot Learning,Jean-Baptiste Alayrac and Jeff Donahue and Pauline Luc and Antoine Miech and Iain Barr and Yana Hasson and Karel Lenc and Arthur Mensch and Katie Millican and Malcolm Reynolds and others,2022,NeurIPS,,,10.48550/arXiv.2204.14198,,,"@inproceedings{b4268fa6464e,
  author = {Jean-Baptiste Alayrac and Jeff Donahue and Pauline Luc and Antoine Miech and Iain Barr and Yana Hasson and Karel Lenc and Arthur Mensch and Katie Millican and Malcolm Reynolds and others},
  booktitle = {NeurIPS},
  doi = {10.48550/arXiv.2204.14198},
  title = {Flamingo: A Visual Language Model for Few-Shot Learning},
  year = {2022},
}"
b4e4bc802c52,inproceedings,Freematch: A simple framework for long-tailed semi-supervised learning,Junyan Zhu and Chenyang Li and Chao He and et al,2021,,,,,,,"@inproceedings{b4e4bc802c52,
  author = {Junyan Zhu and Chenyang Li and Chao He and et al},
  title = {Freematch: A simple framework for long-tailed semi-supervised learning},
  year = {2021},
}"
b6a26b30b14a,inproceedings,Time Series Deconfounder: Estimating Treatment Effects over Time in the Presence of Hidden Confounders,Ioana Bica and Ahmed M. Alaa and Mihaela van der Schaar,2021,ICML,,,10.48550/arXiv.1902.00450,,,"@inproceedings{b6a26b30b14a,
  author = {Ioana Bica and Ahmed M. Alaa and Mihaela van der Schaar},
  booktitle = {ICML},
  doi = {10.48550/arXiv.1902.00450},
  title = {Time Series Deconfounder: Estimating Treatment Effects over Time in the Presence of Hidden Confounders},
  year = {2021},
}"
b6d85d903dcf,inproceedings,Counterfactual Invariance to Spurious Correlations in Text Classification,Victor Veitch and Alexander D'Amour and Steve Yadlowsky and Jacob Eisenstein,2021,NeurIPS,,,10.48550/arXiv.2106.00545,,,"@inproceedings{b6d85d903dcf,
  author = {Victor Veitch and Alexander D'Amour and Steve Yadlowsky and Jacob Eisenstein},
  booktitle = {NeurIPS},
  doi = {10.48550/arXiv.2106.00545},
  title = {Counterfactual Invariance to Spurious Correlations in Text Classification},
  year = {2021},
}"
b939e55d7555,inproceedings,PaLM: Scaling Language Modeling with Pathways,Aakanksha Chowdhery and Sharan Narang and Jacob Devlin and Maarten Bosma and Gaurav Mishra and Adam Roberts and Paul Barham and Hyung Won Chung and Charles Sutton and Sebastian Gehrmann and others,2022,ICML,,,10.48550/arXiv.2204.02311,,,"@inproceedings{b939e55d7555,
  author = {Aakanksha Chowdhery and Sharan Narang and Jacob Devlin and Maarten Bosma and Gaurav Mishra and Adam Roberts and Paul Barham and Hyung Won Chung and Charles Sutton and Sebastian Gehrmann and others},
  booktitle = {ICML},
  doi = {10.48550/arXiv.2204.02311},
  title = {PaLM: Scaling Language Modeling with Pathways},
  year = {2022},
}"
b96a038383dc,inproceedings,Complexity of Optimal Tensor Network Contraction Sequences,Jianyu Xu and Wei Li and Ming Zhao,2023,NAACL,,,,,,"@inproceedings{b96a038383dc,
  author = {Jianyu Xu and Wei Li and Ming Zhao},
  booktitle = {NAACL},
  title = {Complexity of Optimal Tensor Network Contraction Sequences},
  year = {2023},
}"
b97858a4638f,inproceedings,"Dark Experience for General Continual Learning: A Strong, Simple Baseline",Pietro Buzzega and Matteo Boschini and Angelo Porrello and Davide Abati and Simone Calderara,2021,NeurIPS,,,10.48550/arXiv.2004.07211,,,"@inproceedings{b97858a4638f,
  author = {Pietro Buzzega and Matteo Boschini and Angelo Porrello and Davide Abati and Simone Calderara},
  booktitle = {NeurIPS},
  doi = {10.48550/arXiv.2004.07211},
  title = {Dark Experience for General Continual Learning: A Strong, Simple Baseline},
  year = {2021},
}"
b97daf1b4282,inproceedings,NP-Hardness of Optimal TensorNetwork Contraction and Polynomial-Time Algorithms for Tree Tensor Networks,Mihail Stoian and Richard Milbradt and Christian Mendl,2022,,,,,,,"@inproceedings{b97daf1b4282,
  author = {Mihail Stoian and Richard Milbradt and Christian Mendl},
  title = {NP-Hardness of Optimal TensorNetwork Contraction and Polynomial-Time Algorithms for Tree Tensor Networks},
  year = {2022},
}"
b9ce7ba367a4,inproceedings,Large Language Models are Zero-Shot Reasoners,Takeshi Kojima and Shixiang Shane Gu and Machel Reid and Yutaka Matsuo and Yusuke Iwasawa,2022,NeurIPS,,,10.48550/arXiv.2205.11916,,,"@inproceedings{b9ce7ba367a4,
  author = {Takeshi Kojima and Shixiang Shane Gu and Machel Reid and Yutaka Matsuo and Yusuke Iwasawa},
  booktitle = {NeurIPS},
  doi = {10.48550/arXiv.2205.11916},
  title = {Large Language Models are Zero-Shot Reasoners},
  year = {2022},
}"
b9fb0d79989c,inproceedings,Towards gflownets for continuous control,Francisco Ramalho and Meng Liu and Zihan Liu and Etienne Mathieu,2023,arXiv,,,,,,"@inproceedings{b9fb0d79989c,
  author = {Francisco Ramalho and Meng Liu and Zihan Liu and Etienne Mathieu},
  booktitle = {arXiv},
  title = {Towards gflownets for continuous control},
  year = {2023},
}"
bb59c4bd80e7,inproceedings,A Simple Framework for Contrastive Learning of Visual Representations,Ting Chen and Simon Kornblith and Mohammad Norouzi and Geoffrey Hinton,2021,ICML,,,10.48550/arXiv.2002.05709,,,"@inproceedings{bb59c4bd80e7,
  author = {Ting Chen and Simon Kornblith and Mohammad Norouzi and Geoffrey Hinton},
  booktitle = {ICML},
  doi = {10.48550/arXiv.2002.05709},
  title = {A Simple Framework for Contrastive Learning of Visual Representations},
  year = {2021},
}"
bb5ac1d4f1d9,inproceedings,Gpsa: Gene expression and histology-based spatial alignment,David Jones et al,2023,ICLR,,,,,,"@inproceedings{bb5ac1d4f1d9,
  author = {David Jones et al},
  booktitle = {ICLR},
  title = {Gpsa: Gene expression and histology-based spatial alignment},
  year = {2023},
}"
bb8032fd12d8,inproceedings,Training Language Models to Follow Instructions with Human Feedback,Long Ouyang and Jeff Wu and Xu Jiang and Diogo Almeida and Carroll Wainwright and Pamela Mishkin and Chong Zhang and Sandhini Agarwal and Katarina Slama and Alex Ray and others,2022,NeurIPS,,,10.48550/arXiv.2203.02155,,,"@inproceedings{bb8032fd12d8,
  author = {Long Ouyang and Jeff Wu and Xu Jiang and Diogo Almeida and Carroll Wainwright and Pamela Mishkin and Chong Zhang and Sandhini Agarwal and Katarina Slama and Alex Ray and others},
  booktitle = {NeurIPS},
  doi = {10.48550/arXiv.2203.02155},
  title = {Training Language Models to Follow Instructions with Human Feedback},
  year = {2022},
}"
bbd1bcc55e09,inproceedings,Geom-GCN: Geometric Graph Convolutional Networks,Hongbin Pei and Bingzhe Wei and Kevin Chang and Yu Lei Lei and Bo Yang,2021,ICLR,,,10.48550/arXiv.2002.05287,,,"@inproceedings{bbd1bcc55e09,
  author = {Hongbin Pei and Bingzhe Wei and Kevin Chang and Yu Lei Lei and Bo Yang},
  booktitle = {ICLR},
  doi = {10.48550/arXiv.2002.05287},
  title = {Geom-GCN: Geometric Graph Convolutional Networks},
  year = {2021},
}"
bf3addc43203,inproceedings,Exploring Simple Siamese Representation Learning,Xinlei Chen and Kaiming He,2021,CVPR,,,10.1109/CVPR46437.2021.01549,,,"@inproceedings{bf3addc43203,
  author = {Xinlei Chen and Kaiming He},
  booktitle = {CVPR},
  doi = {10.1109/CVPR46437.2021.01549},
  title = {Exploring Simple Siamese Representation Learning},
  year = {2021},
}"
c04c91eb971d,inproceedings,Understanding self-training for gradient-boosted trees,Ashish Kumar and Logan Engstrom and Andrew Ilyas and Dimitris Tsipras,2021,,,,,,,"@inproceedings{c04c91eb971d,
  author = {Ashish Kumar and Logan Engstrom and Andrew Ilyas and Dimitris Tsipras},
  title = {Understanding self-training for gradient-boosted trees},
  year = {2021},
}"
c0996f00a40f,inproceedings,Hierarchical protocols for multi-agent 3d scene understanding,Erfan Aghasian and Shai Avidan and Piotr Dollar and Justin Johnson,2021,,,,,,,"@inproceedings{c0996f00a40f,
  author = {Erfan Aghasian and Shai Avidan and Piotr Dollar and Justin Johnson},
  title = {Hierarchical protocols for multi-agent 3d scene understanding},
  year = {2021},
}"
c1c153439d88,inproceedings,Artificial intelligence reconstructs missing climate information,Ye Gao and Robert Tardif and Jiale Cao and Tapio Schneider,2022,ICLR,,,10.1038/s41561-023-01297-2,,,"@inproceedings{c1c153439d88,
  author = {Ye Gao and Robert Tardif and Jiale Cao and Tapio Schneider},
  booktitle = {ICLR},
  doi = {10.1038/s41561-023-01297-2},
  title = {Artificial intelligence reconstructs missing climate information},
  year = {2022},
}"
c252e8ceaebd,inproceedings,Random Feature Attention,Hao Peng and Nikolaos Pappas and Dani Yogatama and Roy Schwartz and Noah A. Smith and Lingpeng Kong,2021,ICLR,,,10.48550/arXiv.2103.02143,,,"@inproceedings{c252e8ceaebd,
  author = {Hao Peng and Nikolaos Pappas and Dani Yogatama and Roy Schwartz and Noah A. Smith and Lingpeng Kong},
  booktitle = {ICLR},
  doi = {10.48550/arXiv.2103.02143},
  title = {Random Feature Attention},
  year = {2021},
}"
c25b080c90c2,inproceedings,Semantic uncertainty estimation in large language models,Anonymous Authors,2023,arXiv,,,,,,"@inproceedings{c25b080c90c2,
  author = {Anonymous Authors},
  booktitle = {arXiv},
  title = {Semantic uncertainty estimation in large language models},
  year = {2023},
}"
c25ba5ac6d29,inproceedings,Chen and N,Jing Li and Hao Wang and Shuai Zhao,2022,arXiv,,,,,,"@inproceedings{c25ba5ac6d29,
  author = {Jing Li and Hao Wang and Shuai Zhao},
  booktitle = {arXiv},
  title = {Chen and N},
  year = {2022},
}"
c27b1e7a9c2d,inproceedings,Scalable Diffusion Models for High-Resolution Image Synthesis,Xin Wang and Jie Zhou and Mengke Li,2023,AAAI,,,,,,"@inproceedings{c27b1e7a9c2d,
  author = {Xin Wang and Jie Zhou and Mengke Li},
  booktitle = {AAAI},
  title = {Scalable Diffusion Models for High-Resolution Image Synthesis},
  year = {2023},
}"
c337460709f1,inproceedings,Consistent Nonparametric Methods for Network Assisted Covariate Estimation,Xueyu Mao and Deepayan Chakrabarti and Purnamrita Sarkar,2021,ICML,,,,,,"@inproceedings{c337460709f1,
  author = {Xueyu Mao and Deepayan Chakrabarti and Purnamrita Sarkar},
  booktitle = {ICML},
  title = {Consistent Nonparametric Methods for Network Assisted Covariate Estimation},
  year = {2021},
}"
c36a5a4db3f1,inproceedings,Structure-aware video generation with latent diffusion models,Patrick Esser and Robin Rombach and Björn Ommer,2023,arXiv,,,,,,"@inproceedings{c36a5a4db3f1,
  author = {Patrick Esser and Robin Rombach and Björn Ommer},
  booktitle = {arXiv},
  title = {Structure-aware video generation with latent diffusion models},
  year = {2023},
}"
c3e070166df2,inproceedings,LLaMA: Open and Efficient Foundation Language Models,Hugo Touvron and Thibaut Lavril and Gautier Izacard and Xavier Martinet and Marie-Anne Lachaux and Timoth{\'e}e Lacroix and Baptiste Rozi{\`e}re and Naman Goyal and Eric Hambro and Faisal Azhar and others,2023,ICLR,,,10.48550/arXiv.2302.13971,,,"@inproceedings{c3e070166df2,
  author = {Hugo Touvron and Thibaut Lavril and Gautier Izacard and Xavier Martinet and Marie-Anne Lachaux and Timoth{\'e}e Lacroix and Baptiste Rozi{\`e}re and Naman Goyal and Eric Hambro and Faisal Azhar and others},
  booktitle = {ICLR},
  doi = {10.48550/arXiv.2302.13971},
  title = {LLaMA: Open and Efficient Foundation Language Models},
  year = {2023},
}"
c437b8d2fcd4,inproceedings,Denoising Diffusion Probabilistic Models,Jonathan Ho and Ajay Jain and Pieter Abbeel,2021,NeurIPS,,,10.48550/arXiv.2006.11239,,,"@inproceedings{c437b8d2fcd4,
  author = {Jonathan Ho and Ajay Jain and Pieter Abbeel},
  booktitle = {NeurIPS},
  doi = {10.48550/arXiv.2006.11239},
  title = {Denoising Diffusion Probabilistic Models},
  year = {2021},
}"
c52513344a78,inproceedings,Graph Neural Networks with Dynamic Attention for Node Classification,Nanda and N,2023,,,,,,,"@inproceedings{c52513344a78,
  author = {Nanda and N},
  title = {Graph Neural Networks with Dynamic Attention for Node Classification},
  year = {2023},
}"
c5b31d38c496,inproceedings,ViTPose: Simple Vision Transformer Baselines for Human Pose Estimation,Yufei Xu and Jing Zhang and Qiming Zhang and Dacheng Tao,2022,NeurIPS,,,10.48550/arXiv.2204.12484,,,"@inproceedings{c5b31d38c496,
  author = {Yufei Xu and Jing Zhang and Qiming Zhang and Dacheng Tao},
  booktitle = {NeurIPS},
  doi = {10.48550/arXiv.2204.12484},
  title = {ViTPose: Simple Vision Transformer Baselines for Human Pose Estimation},
  year = {2022},
}"
c5e93675a620,inproceedings,Deep paraphrase identification,Lei Yu and Jimmy Dumsmyr and Kevin Knight,2022,ACL,,,,,,"@inproceedings{c5e93675a620,
  author = {Lei Yu and Jimmy Dumsmyr and Kevin Knight},
  booktitle = {ACL},
  title = {Deep paraphrase identification},
  year = {2022},
}"
c6193973869b,inproceedings,Text-to-Image Diffusion Models with Customized Guidance,Yikai Zhang et al,2023,NeurIPS,,,,,,"@inproceedings{c6193973869b,
  author = {Yikai Zhang et al},
  booktitle = {NeurIPS},
  title = {Text-to-Image Diffusion Models with Customized Guidance},
  year = {2023},
}"
c62f826741b3,inproceedings,NeRF: Representing Scenes as Neural Radiance Fields for View Synthesis,Ben Mildenhall and Pratul P. Srinivasan and Matthew Tancik and Jonathan T. Barron and Ravi Ramamoorthi and Ren Ng,2021,Communications of the ACM,,,10.1145/3503250,,,"@inproceedings{c62f826741b3,
  author = {Ben Mildenhall and Pratul P. Srinivasan and Matthew Tancik and Jonathan T. Barron and Ravi Ramamoorthi and Ren Ng},
  booktitle = {Communications of the ACM},
  doi = {10.1145/3503250},
  title = {NeRF: Representing Scenes as Neural Radiance Fields for View Synthesis},
  year = {2021},
}"
c65faf378a95,inproceedings,OPT: Open Pre-trained Transformer Language Models,Susan Zhang and Stephen Roller and Naman Goyal and Mikel Artetxe and Moya Chen and Shuohui Chen and Mona Dewan and Mona Diab and Emily Dinan and Zhiguo Du and others,2022,ACL,,,10.48550/arXiv.2205.01068,,,"@inproceedings{c65faf378a95,
  author = {Susan Zhang and Stephen Roller and Naman Goyal and Mikel Artetxe and Moya Chen and Shuohui Chen and Mona Dewan and Mona Diab and Emily Dinan and Zhiguo Du and others},
  booktitle = {ACL},
  doi = {10.48550/arXiv.2205.01068},
  title = {OPT: Open Pre-trained Transformer Language Models},
  year = {2022},
}"
c67ba8e64fa4,inproceedings,Smith and A,Rui Zhang and Liwei Wang and Xiaohui Chen,2022,CVPR,,,,,,"@inproceedings{c67ba8e64fa4,
  author = {Rui Zhang and Liwei Wang and Xiaohui Chen},
  booktitle = {CVPR},
  title = {Smith and A},
  year = {2022},
}"
c681d426120a,inproceedings,Optimization and generalization of gradient descent for shallow relu networks with minimal width,Yunwen Lei and Puyu Wang and Yiming Ying and Ding-Xuan Zhou,2021,,,,,,,"@inproceedings{c681d426120a,
  author = {Yunwen Lei and Puyu Wang and Yiming Ying and Ding-Xuan Zhou},
  title = {Optimization and generalization of gradient descent for shallow relu networks with minimal width},
  year = {2021},
}"
c70deeae0870,inproceedings,AUGMIX: A Simple Data Processing Method to Improve Robustness and Uncertainty,Dan Hendrycks and Norman Mu and Ekin D. Cubuk and Barret Zoph and Justin Gilmer and Balaji Lakshminarayanan,2022,ICLR,,,,,,"@inproceedings{c70deeae0870,
  author = {Dan Hendrycks and Norman Mu and Ekin D. Cubuk and Barret Zoph and Justin Gilmer and Balaji Lakshminarayanan},
  booktitle = {ICLR},
  title = {AUGMIX: A Simple Data Processing Method to Improve Robustness and Uncertainty},
  year = {2022},
}"
c769d5e30fb5,inproceedings,Reasoning with heterogeneous graph representations for knowledge-aware question answering,Yi Tay and Kelvin Fu and Kai Wu and Ivan Casanueva and Jianfeng Liu and Byron Wallace and Shuohang Wang and Bajrang Singh and Julian McAuley,2021,,,,,,,"@inproceedings{c769d5e30fb5,
  author = {Yi Tay and Kelvin Fu and Kai Wu and Ivan Casanueva and Jianfeng Liu and Byron Wallace and Shuohang Wang and Bajrang Singh and Julian McAuley},
  title = {Reasoning with heterogeneous graph representations for knowledge-aware question answering},
  year = {2021},
}"
c9f02840d8f0,inproceedings,Answer me this: Self-verifying large language models,Srinivasan Kadavath and Urvashi Khandelwal and Alec Radford and Noam Shazeer,2022,arXiv,,,,,,"@inproceedings{c9f02840d8f0,
  author = {Srinivasan Kadavath and Urvashi Khandelwal and Alec Radford and Noam Shazeer},
  booktitle = {arXiv},
  title = {Answer me this: Self-verifying large language models},
  year = {2022},
}"
cad998c28243,inproceedings,"Robotslang: Grounded natural language for multi-robot object search, 2024",Firstname Lastname and Others,2023,,,,,,,"@inproceedings{cad998c28243,
  author = {Firstname Lastname and Others},
  title = {Robotslang: Grounded natural language for multi-robot object search, 2024},
  year = {2023},
}"
cb164ae84890,inproceedings,A dataset and exploration of models for understanding radiology images through dialogue,Jack Lau and Ankan Gayen and Philipp Tschandl and Gregory A Burns and Jiahong Yuan and Tanveer SyedaMahmood and Mehdi Moradi,2023,AAAI,,,,,,"@inproceedings{cb164ae84890,
  author = {Jack Lau and Ankan Gayen and Philipp Tschandl and Gregory A Burns and Jiahong Yuan and Tanveer SyedaMahmood and Mehdi Moradi},
  booktitle = {AAAI},
  title = {A dataset and exploration of models for understanding radiology images through dialogue},
  year = {2023},
}"
cbe59ae30740,inproceedings,Multi-Modal Fusion Strategies for Vision-Language Pre-Training,Jun Wang and Zhen Liu and Yuxin Wu,2022,AAAI,,,,,,"@inproceedings{cbe59ae30740,
  author = {Jun Wang and Zhen Liu and Yuxin Wu},
  booktitle = {AAAI},
  title = {Multi-Modal Fusion Strategies for Vision-Language Pre-Training},
  year = {2022},
}"
cdfcc07dff9e,inproceedings,Diffusion Models Beat {GAN}s on Image Synthesis,Prafulla Dhariwal and Alexander Nichol,2021,NeurIPS,,,10.48550/arXiv.2105.05233,,,"@inproceedings{cdfcc07dff9e,
  author = {Prafulla Dhariwal and Alexander Nichol},
  booktitle = {NeurIPS},
  doi = {10.48550/arXiv.2105.05233},
  title = {Diffusion Models Beat {GAN}s on Image Synthesis},
  year = {2021},
}"
ce56b9084122,inproceedings,Paraphrase identification using deep contextualized representations,Asma Issa and George Mohler and John Johnson,2021,ACL,,,,,,"@inproceedings{ce56b9084122,
  author = {Asma Issa and George Mohler and John Johnson},
  booktitle = {ACL},
  title = {Paraphrase identification using deep contextualized representations},
  year = {2021},
}"
cf079d1957c7,inproceedings,Robust prediction of dynamical systems with structured neural networks: Long-term behavior and chaos,Moonseop Han and Elizabeth Qian,2021,,,,,,,"@inproceedings{cf079d1957c7,
  author = {Moonseop Han and Elizabeth Qian},
  title = {Robust prediction of dynamical systems with structured neural networks: Long-term behavior and chaos},
  year = {2021},
}"
cfa3e201e778,inproceedings,Dsp: Diffusion-based span prediction for masked text modeling,Nuo Lou and et al,2023,arXiv,,,,,,"@inproceedings{cfa3e201e778,
  author = {Nuo Lou and et al},
  booktitle = {arXiv},
  title = {Dsp: Diffusion-based span prediction for masked text modeling},
  year = {2023},
}"
cfc5bb242792,inproceedings,Multimodal adversarial robustness: Attack and defense,Anh Tuan Nguyen and Shengping Li and Chao Qin,2021,,,,,,,"@inproceedings{cfc5bb242792,
  author = {Anh Tuan Nguyen and Shengping Li and Chao Qin},
  title = {Multimodal adversarial robustness: Attack and defense},
  year = {2021},
}"
cff2f0bb469f,inproceedings,Simple Diffusion: End-to-End Diffusion for High Resolution Images,Emiel Hoogeboom and Jonathan Heek and Tim Salimans,2023,ICML,,,10.48550/arXiv.2301.11093,,,"@inproceedings{cff2f0bb469f,
  author = {Emiel Hoogeboom and Jonathan Heek and Tim Salimans},
  booktitle = {ICML},
  doi = {10.48550/arXiv.2301.11093},
  title = {Simple Diffusion: End-to-End Diffusion for High Resolution Images},
  year = {2023},
}"
d0e8fbff7001,inproceedings,Agree to disagree: Adaptive learning with gradient disagreement,Qiyang Du and Ozan Sener and Silvio Savarese,2021,,,,,,,"@inproceedings{d0e8fbff7001,
  author = {Qiyang Du and Ozan Sener and Silvio Savarese},
  title = {Agree to disagree: Adaptive learning with gradient disagreement},
  year = {2021},
}"
d0f7f9c72c33,inproceedings,IBRNet: Learning Multi-View Image-Based Rendering,Qianqian Wang and Zhicheng Wang and Kyle Genova and Pratul P. Srinivasan and Howard Zhou and Jonathan T. Barron and Ricardo Martin-Brualla and Noah Snavely and Thomas Funkhouser,2021,CVPR,,,10.1109/CVPR46437.2021.00469,,,"@inproceedings{d0f7f9c72c33,
  author = {Qianqian Wang and Zhicheng Wang and Kyle Genova and Pratul P. Srinivasan and Howard Zhou and Jonathan T. Barron and Ricardo Martin-Brualla and Noah Snavely and Thomas Funkhouser},
  booktitle = {CVPR},
  doi = {10.1109/CVPR46437.2021.00469},
  title = {IBRNet: Learning Multi-View Image-Based Rendering},
  year = {2021},
}"
d1fe214f878b,inproceedings,Fast inference from transformers via speculative decoding,Yair Leviathan and Clemens Rosenbaum and Slav Petrov,2023,,,,,,,"@inproceedings{d1fe214f878b,
  author = {Yair Leviathan and Clemens Rosenbaum and Slav Petrov},
  title = {Fast inference from transformers via speculative decoding},
  year = {2023},
}"
d27ac16ca85a,inproceedings,PaLM-E: An Embodied Multimodal Language Model,Danny Driess and Fei Xia and Mehdi S. M. Sajjadi and Corey Lynch and Aakanksha Chowdhery and Brian Ichter and Jonathan Tompson and et al.,2023,ICML,,,10.48550/arXiv.2303.03378,,,"@inproceedings{d27ac16ca85a,
  author = {Danny Driess and Fei Xia and Mehdi S. M. Sajjadi and Corey Lynch and Aakanksha Chowdhery and Brian Ichter and Jonathan Tompson and et al.},
  booktitle = {ICML},
  doi = {10.48550/arXiv.2303.03378},
  title = {PaLM-E: An Embodied Multimodal Language Model},
  year = {2023},
}"
d2e16a3e9ac3,inproceedings,Zhang and X,Chao Ma and Dong Liu and Kun Zhang,2021,AISTATS,,,,,,"@inproceedings{d2e16a3e9ac3,
  author = {Chao Ma and Dong Liu and Kun Zhang},
  booktitle = {AISTATS},
  title = {Zhang and X},
  year = {2021},
}"
d4471f53482e,inproceedings,Occupational choices and the gender wage gap,Claudia Goldin,2023,EMNLP,,,,,,"@inproceedings{d4471f53482e,
  author = {Claudia Goldin},
  booktitle = {EMNLP},
  title = {Occupational choices and the gender wage gap},
  year = {2023},
}"
d52cb87f9038,inproceedings,Learning to predict confidence for language models,Mohit Jain and Ethan Perez and James Glass,2021,NAACL,,,,,,"@inproceedings{d52cb87f9038,
  author = {Mohit Jain and Ethan Perez and James Glass},
  booktitle = {NAACL},
  title = {Learning to predict confidence for language models},
  year = {2021},
}"
d6033a295dd3,inproceedings,Heavy-tailed distributions in online ad response: A marketing analytics perspective,Saravanan Jebarajakirthy and Paurav Shukla and Prashant Palvia,2021,ICLR,,,,,,"@inproceedings{d6033a295dd3,
  author = {Saravanan Jebarajakirthy and Paurav Shukla and Prashant Palvia},
  booktitle = {ICLR},
  title = {Heavy-tailed distributions in online ad response: A marketing analytics perspective},
  year = {2021},
}"
d632f7211d63,inproceedings,Fixing Data Augmentation to Improve Adversarial Robustness,Sylvestre-Alvise Rebuffi and Sven Gowal and Dan Andrei Calian and Florian Stimberg and Olivia Wiles and Tim Mann,2021,NeurIPS,,,10.48550/arXiv.2103.01946,,,"@inproceedings{d632f7211d63,
  author = {Sylvestre-Alvise Rebuffi and Sven Gowal and Dan Andrei Calian and Florian Stimberg and Olivia Wiles and Tim Mann},
  booktitle = {NeurIPS},
  doi = {10.48550/arXiv.2103.01946},
  title = {Fixing Data Augmentation to Improve Adversarial Robustness},
  year = {2021},
}"
d7bd062b5e1b,inproceedings,BLIP-2: Bootstrapping Language-Image Pre-training with Frozen Image Encoders and Large Language Models,Junnan Li and Dongxu Li and Silvio Savarese and Steven Hoi,2023,ICML,,,10.48550/arXiv.2301.12597,,,"@inproceedings{d7bd062b5e1b,
  author = {Junnan Li and Dongxu Li and Silvio Savarese and Steven Hoi},
  booktitle = {ICML},
  doi = {10.48550/arXiv.2301.12597},
  title = {BLIP-2: Bootstrapping Language-Image Pre-training with Frozen Image Encoders and Large Language Models},
  year = {2023},
}"
d85227857767,inproceedings,Deep koopman operator: A model-free approach to nonlinear dynamical systems,Mingliang Han and Bingni W Wei and Phelan Senatus and Jörg D Winkel and Mason Youngblood and I-Han Lee and David J Mandell,2021,AISTATS,,,,,,"@inproceedings{d85227857767,
  author = {Mingliang Han and Bingni W Wei and Phelan Senatus and Jörg D Winkel and Mason Youngblood and I-Han Lee and David J Mandell},
  booktitle = {AISTATS},
  title = {Deep koopman operator: A model-free approach to nonlinear dynamical systems},
  year = {2021},
}"
d87ce678eb11,inproceedings,LLaMA 2: Open foundation and fine-tuned chat models,Hugo Touvron and Louis Martin and Kevin Stone and Peter Albert and Amjad Almahairi and Yasmine Babaei and Nikolay Bashlykov and Siddharth Batra and Prajjwal Bhargava and Shruti Bhosale and Dan Bikel and Lukas Blecher and Amanpreet Chhabra and Andy Cooper and Jade Copet and Piotr Czapla and Daniel Esiobu and Clara Fernandes and Jie Fu and Wenyin Fu and Jeremy Fuller and Cynthia Gao and Vedanuj Goswami and Naman Goyal and Alex Hartshorn and Saghar Hosseini and Le Hou and Hakan Inan and Marcin Kardas and Viktor Kerkez and Madian Khabsa and Urvashi Khandelwal and Tomas Kocisky and Filippos Kokkinos and Punit Koura and Marie-Anne Lachaux and Thibaut Lavril and Jenya Lee and Dmitriy Liskovich and Yinghai Lu and Yuning Mao and Xavier Martinet and Todor Mihaylov and Gaurav Mishra and Igor Molybog and Yixin Nie and Andrew Poulton and Jeremy Reizenstein and Rashi Rungta and Kalyan Saladi and Allan Schelten and Ruan Silva and Eric Michael Smith and Ramesh Subramanian and Fei Tan and Binh Tang and Ross Taylor and Adina Williams and Wenhan Xiong and Jing Xu and Zhe Yan and Yuchen Zarov and Yuchen Zhang and Angela Fan and Melanie Kambadur and Sharan Narang and Aurelien Rodriguez and Robert Stojnic and Sergey Edunov and Thomas Scialom,2023,NeurIPS,,,10.48550/arXiv.2307.09288,,,"@inproceedings{d87ce678eb11,
  author = {Hugo Touvron and Louis Martin and Kevin Stone and Peter Albert and Amjad Almahairi and Yasmine Babaei and Nikolay Bashlykov and Siddharth Batra and Prajjwal Bhargava and Shruti Bhosale and Dan Bikel and Lukas Blecher and Amanpreet Chhabra and Andy Cooper and Jade Copet and Piotr Czapla and Daniel Esiobu and Clara Fernandes and Jie Fu and Wenyin Fu and Jeremy Fuller and Cynthia Gao and Vedanuj Goswami and Naman Goyal and Alex Hartshorn and Saghar Hosseini and Le Hou and Hakan Inan and Marcin Kardas and Viktor Kerkez and Madian Khabsa and Urvashi Khandelwal and Tomas Kocisky and Filippos Kokkinos and Punit Koura and Marie-Anne Lachaux and Thibaut Lavril and Jenya Lee and Dmitriy Liskovich and Yinghai Lu and Yuning Mao and Xavier Martinet and Todor Mihaylov and Gaurav Mishra and Igor Molybog and Yixin Nie and Andrew Poulton and Jeremy Reizenstein and Rashi Rungta and Kalyan Saladi and Allan Schelten and Ruan Silva and Eric Michael Smith and Ramesh Subramanian and Fei Tan and Binh Tang and Ross Taylor and Adina Williams and Wenhan Xiong and Jing Xu and Zhe Yan and Yuchen Zarov and Yuchen Zhang and Angela Fan and Melanie Kambadur and Sharan Narang and Aurelien Rodriguez and Robert Stojnic and Sergey Edunov and Thomas Scialom},
  booktitle = {NeurIPS},
  doi = {10.48550/arXiv.2307.09288},
  title = {LLaMA 2: Open foundation and fine-tuned chat models},
  year = {2023},
}"
da82cc87f879,inproceedings,Graph Neural Networks for Knowledge Representation,Wei Zhao and Ming Liu and Xiaoming Chen,2022,JMLR,,,,,,"@inproceedings{da82cc87f879,
  author = {Wei Zhao and Ming Liu and Xiaoming Chen},
  booktitle = {JMLR},
  title = {Graph Neural Networks for Knowledge Representation},
  year = {2022},
}"
dae1eb71d49a,inproceedings,Highly accurate protein structure prediction with {AlphaFold,John Jumper and Richard Evans and Alexander Pritzel and Tim Green and Michael Figurnov and Olaf Ronneberger and Kathryn Tunyasuvunakool and Russ Bates and {\v{Z,2021,Nature,,,10.1038/s41586-021-03819-2,,,"@inproceedings{dae1eb71d49a,
  author = {John Jumper and Richard Evans and Alexander Pritzel and Tim Green and Michael Figurnov and Olaf Ronneberger and Kathryn Tunyasuvunakool and Russ Bates and {\v{Z},
  booktitle = {Nature},
  doi = {10.1038/s41586-021-03819-2},
  title = {Highly accurate protein structure prediction with {AlphaFold},
  year = {2021},
}"
db9d82ff3f94,inproceedings,Constitutional {AI}: Harmlessness from {AI} Feedback,Yuntao Bai and Saurav Kadavath and Sandipan Kundu and Amanda Askell and Jackson Kernion and Andy Jones and Anna Chen and Anna Goldie and Azalia Mirhoseini and Catherine Olsson and others,2023,ICLR,,,10.48550/arXiv.2212.08073,https://doi.org/10.48550/arXiv.2212.08073,,"@inproceedings{db9d82ff3f94,
  author = {Yuntao Bai and Saurav Kadavath and Sandipan Kundu and Amanda Askell and Jackson Kernion and Andy Jones and Anna Chen and Anna Goldie and Azalia Mirhoseini and Catherine Olsson and others},
  booktitle = {ICLR},
  doi = {10.48550/arXiv.2212.08073},
  title = {Constitutional {AI}: Harmlessness from {AI} Feedback},
  url = {https://doi.org/10.48550/arXiv.2212.08073},
  year = {2023},
}"
dbed17850510,inproceedings,Expectation maximization pseudo labels,Chuang Fan and Shipeng Liu and Seyed Motamed and Shiyu Zhong and Silvio Savarese and Juan Carlos Niebles and Anima Anandkumar and Adrien Gaidon and Stefan Scherer,2023,arXiv,,,,,,"@inproceedings{dbed17850510,
  author = {Chuang Fan and Shipeng Liu and Seyed Motamed and Shiyu Zhong and Silvio Savarese and Juan Carlos Niebles and Anima Anandkumar and Adrien Gaidon and Stefan Scherer},
  booktitle = {arXiv},
  title = {Expectation maximization pseudo labels},
  year = {2023},
}"
dccb0bb90563,inproceedings,An Image is Worth 16x16 Words: Transformers for Image Recognition at Scale,Alexey Dosovitskiy and Lucas Beyer and Alexander Kolesnikov and Dirk Weissenborn and Xiaohua Zhai and Thomas Unterthiner and Mostafa Dehghani and Matthias Minderer and Georg Heigold and Sylvain Gelly and Jakob Uszkoreit and Neil Houlsby,2021,ICLR,,,10.48550/arXiv.2010.11929,https://openreview.net/forum?id=YicbFdNTTy,,"@inproceedings{dccb0bb90563,
  author = {Alexey Dosovitskiy and Lucas Beyer and Alexander Kolesnikov and Dirk Weissenborn and Xiaohua Zhai and Thomas Unterthiner and Mostafa Dehghani and Matthias Minderer and Georg Heigold and Sylvain Gelly and Jakob Uszkoreit and Neil Houlsby},
  booktitle = {ICLR},
  doi = {10.48550/arXiv.2010.11929},
  title = {An Image is Worth 16x16 Words: Transformers for Image Recognition at Scale},
  url = {https://openreview.net/forum?id=YicbFdNTTy},
  year = {2021},
}"
ded9f5844e90,inproceedings,TensoRF: Tensorial Radiance Fields,Anpei Chen and Zexiang Xu and Andreas Geiger and Jingyi Yu and Hao Su,2022,ECCV,,,10.1007/978-3-031-19830-4_20,,,"@inproceedings{ded9f5844e90,
  author = {Anpei Chen and Zexiang Xu and Andreas Geiger and Jingyi Yu and Hao Su},
  booktitle = {ECCV},
  doi = {10.1007/978-3-031-19830-4_20},
  title = {TensoRF: Tensorial Radiance Fields},
  year = {2022},
}"
e02221942a28,inproceedings,Deep learning techniques for avatar-based interaction in virtual environments,John Smith and Jane Doe,2021,IEEE Transactions on Neural Networks and Learning Systems,,,,,,"@inproceedings{e02221942a28,
  author = {John Smith and Jane Doe},
  booktitle = {IEEE Transactions on Neural Networks and Learning Systems},
  title = {Deep learning techniques for avatar-based interaction in virtual environments},
  year = {2021},
}"
e097911485a6,inproceedings,Slat: a transformer-based method for simultaneous alignment and clustering of spatial transcriptomics data,Zhihao Chen and Hantao Zhang and Yuhan Zhang and Zhanlin Hu and Quanquan Gu and Qing Zhang and Shuo Suo,2023,NeurIPS,,,,,,"@inproceedings{e097911485a6,
  author = {Zhihao Chen and Hantao Zhang and Yuhan Zhang and Zhanlin Hu and Quanquan Gu and Qing Zhang and Shuo Suo},
  booktitle = {NeurIPS},
  title = {Slat: a transformer-based method for simultaneous alignment and clustering of spatial transcriptomics data},
  year = {2023},
}"
e2a2f3e6c419,inproceedings,Coarse-grained physics-based prediction of three-dimensional unsteady flows via neural networks,Alejandro Güemes and Stefano Discetti and Andrea Ianiro,2021,NeurIPS,,,,,,"@inproceedings{e2a2f3e6c419,
  author = {Alejandro Güemes and Stefano Discetti and Andrea Ianiro},
  booktitle = {NeurIPS},
  title = {Coarse-grained physics-based prediction of three-dimensional unsteady flows via neural networks},
  year = {2021},
}"
e2c14cf2d74b,inproceedings,Learning to Retrieve Prompts for In-Context Learning,Ohad Rubin and Jonathan Herzig and Jonathan Berant,2022,NAACL,,,10.48550/arXiv.2112.08633,,,"@inproceedings{e2c14cf2d74b,
  author = {Ohad Rubin and Jonathan Herzig and Jonathan Berant},
  booktitle = {NAACL},
  doi = {10.48550/arXiv.2112.08633},
  title = {Learning to Retrieve Prompts for In-Context Learning},
  year = {2022},
}"
e4c18d45f79a,inproceedings,Consistency in Diffusion Models: Improving Noise Embeddings,Author Song and AnotherAuthor Zhang,2023,,,,,,,"@inproceedings{e4c18d45f79a,
  author = {Author Song and AnotherAuthor Zhang},
  title = {Consistency in Diffusion Models: Improving Noise Embeddings},
  year = {2023},
}"
e5a3b24e112d,inproceedings,Efficient fewshot learning with efl: A single transformer for all tasks,Alex Wang and Rishi Bommasani and Dan Hendrycks and Daniel Song and Zhilin Zhang,2021,arXiv,,,,,,"@inproceedings{e5a3b24e112d,
  author = {Alex Wang and Rishi Bommasani and Dan Hendrycks and Daniel Song and Zhilin Zhang},
  booktitle = {arXiv},
  title = {Efficient fewshot learning with efl: A single transformer for all tasks},
  year = {2021},
}"
e6f1f4ecb273,inproceedings,Autoencoder based test-time adaptation for semantic segmentation,Jiacheng He and Zhilu Zhang and Zhen Wang and Yan Huang,2021,AISTATS,,,,,,"@inproceedings{e6f1f4ecb273,
  author = {Jiacheng He and Zhilu Zhang and Zhen Wang and Yan Huang},
  booktitle = {AISTATS},
  title = {Autoencoder based test-time adaptation for semantic segmentation},
  year = {2021},
}"
e77181c528a5,inproceedings,Efficient Transformer Variants for Long-Sequence Modeling in NLP,Tao Yu and Fei Xu and Mingyang Chen,2022,,,,,,,"@inproceedings{e77181c528a5,
  author = {Tao Yu and Fei Xu and Mingyang Chen},
  title = {Efficient Transformer Variants for Long-Sequence Modeling in NLP},
  year = {2022},
}"
e7d2f0c1e698,inproceedings,Chain-of-Thought Prompting Elicits Reasoning in Large Language Models,Jason Wei and Xuezhi Wang and Dale Schuurmans and Maarten Bosma and Brian Ichter and Fei Xia and Ed H. Chi and Quoc V. Le and Denny Zhou,2022,NeurIPS,,,10.48550/arXiv.2201.11903,,,"@inproceedings{e7d2f0c1e698,
  author = {Jason Wei and Xuezhi Wang and Dale Schuurmans and Maarten Bosma and Brian Ichter and Fei Xia and Ed H. Chi and Quoc V. Le and Denny Zhou},
  booktitle = {NeurIPS},
  doi = {10.48550/arXiv.2201.11903},
  title = {Chain-of-Thought Prompting Elicits Reasoning in Large Language Models},
  year = {2022},
}"
e7e5083fa94f,inproceedings,MiniGPT-4: Enhancing Vision-Language Understanding with Advanced Large Language Models,Deyao Zhu and Jun Chen and Xiaoqian Shen and Xiang Li and Mohamed Elhoseiny,2023,CVPR,,,10.48550/arXiv.2304.10592,,,"@inproceedings{e7e5083fa94f,
  author = {Deyao Zhu and Jun Chen and Xiaoqian Shen and Xiang Li and Mohamed Elhoseiny},
  booktitle = {CVPR},
  doi = {10.48550/arXiv.2304.10592},
  title = {MiniGPT-4: Enhancing Vision-Language Understanding with Advanced Large Language Models},
  year = {2023},
}"
e819037fb205,inproceedings,"Taché, and Etienne Altman",François Baccelli and Gérard H,2023,,,,,,,"@inproceedings{e819037fb205,
  author = {François Baccelli and Gérard H},
  title = {Taché, and Etienne Altman},
  year = {2023},
}"
e8936f0a13bf,inproceedings,Discriminative features for fast frame-based phoneme classification,Nitish Srivastava and Ruslan R Salakhutdinov,2023,,,,,,,"@inproceedings{e8936f0a13bf,
  author = {Nitish Srivastava and Ruslan R Salakhutdinov},
  title = {Discriminative features for fast frame-based phoneme classification},
  year = {2023},
}"
e8e1379d3939,inproceedings,Masked Autoencoders Are Scalable Vision Learners,Kaiming He and Xinlei Chen and Saining Xie and Yanghao Li and Piotr Doll{\'a}r and Ross Girshick,2022,CVPR,,,10.1109/CVPR52688.2022.01552,,,"@inproceedings{e8e1379d3939,
  author = {Kaiming He and Xinlei Chen and Saining Xie and Yanghao Li and Piotr Doll{\'a}r and Ross Girshick},
  booktitle = {CVPR},
  doi = {10.1109/CVPR52688.2022.01552},
  title = {Masked Autoencoders Are Scalable Vision Learners},
  year = {2022},
}"
e9e08922a057,inproceedings,{PaLM}: Scaling Language Modeling with Pathways,Aakanksha Chowdhery and Sharan Narang and Jacob Devlin and Maarten Bosma and Gaurav Mishra and Adam Roberts and Paul Barham and Hyung Won Chung and Charles Sutton and Sebastian Gehrmann and Peter Schuh and Kensen Shi and Sasha Tsvyashchenko and Joshua Maynez and Nitish Shirish Keskar Rao and Peter Barnes and Yi Tay and Noam Shazeer and Vinodkumar Prabhakaran and Emily Reif and Nan Du and Ben Hutchinson and Reiner Pope and James Bradbury and Jacob Austin and Michael Isard and Guy Gur-Ari and Pengcheng Yin and Trevor Duke and Anselm Levskaya and Sanjay Ghemawat and Sunipa Dev and Henryk Michalewski and Xavier Garcia and Vedant Misra and Kevin Robinson and William Fedus and Denny Zhou and Daphne Ippolito and David Luan and Hyeontaek Lim and Barret Zoph and Aleksandar Spiridonov and Ryan Sepassi and David Dohan and Shachi Agrawal and Mark Omernick and Andrew M. Dai and Trilok Pillai and Marie Pellat and Aitor Lewkowycz and Ekin Dogus Cubuk Moreira and Armand Joulin and Arman Cohan and Xuezhi Wang and Yiming Wang and Mostafa Dehghani and Yonghui Wu and Slav Petrov and Ed Chi and Jeff Dean and Noam Shazeer and Noah Fiedel,2022,ICML,,,10.48550/arXiv.2204.02311,,,"@inproceedings{e9e08922a057,
  author = {Aakanksha Chowdhery and Sharan Narang and Jacob Devlin and Maarten Bosma and Gaurav Mishra and Adam Roberts and Paul Barham and Hyung Won Chung and Charles Sutton and Sebastian Gehrmann and Peter Schuh and Kensen Shi and Sasha Tsvyashchenko and Joshua Maynez and Nitish Shirish Keskar Rao and Peter Barnes and Yi Tay and Noam Shazeer and Vinodkumar Prabhakaran and Emily Reif and Nan Du and Ben Hutchinson and Reiner Pope and James Bradbury and Jacob Austin and Michael Isard and Guy Gur-Ari and Pengcheng Yin and Trevor Duke and Anselm Levskaya and Sanjay Ghemawat and Sunipa Dev and Henryk Michalewski and Xavier Garcia and Vedant Misra and Kevin Robinson and William Fedus and Denny Zhou and Daphne Ippolito and David Luan and Hyeontaek Lim and Barret Zoph and Aleksandar Spiridonov and Ryan Sepassi and David Dohan and Shachi Agrawal and Mark Omernick and Andrew M. Dai and Trilok Pillai and Marie Pellat and Aitor Lewkowycz and Ekin Dogus Cubuk Moreira and Armand Joulin and Arman Cohan and Xuezhi Wang and Yiming Wang and Mostafa Dehghani and Yonghui Wu and Slav Petrov and Ed Chi and Jeff Dean and Noam Shazeer and Noah Fiedel},
  booktitle = {ICML},
  doi = {10.48550/arXiv.2204.02311},
  title = {{PaLM}: Scaling Language Modeling with Pathways},
  year = {2022},
}"
eaa48be036ab,inproceedings,Barlow Twins: Self-Supervised Learning via Redundancy Reduction,Jure Zbontar and Li Jing and Ishan Misra and Yann LeCun and St{\'e}phane Deny,2021,ICML,,,10.48550/arXiv.2103.03230,,,"@inproceedings{eaa48be036ab,
  author = {Jure Zbontar and Li Jing and Ishan Misra and Yann LeCun and St{\'e}phane Deny},
  booktitle = {ICML},
  doi = {10.48550/arXiv.2103.03230},
  title = {Barlow Twins: Self-Supervised Learning via Redundancy Reduction},
  year = {2021},
}"
eae03804fd48,inproceedings,Mip-NeRF: A Multiscale Representation for Anti-Aliasing Neural Radiance Fields,Jonathan T. Barron and Ben Mildenhall and Matthew Tancik and Peter Hedman and Ricardo Martin-Brualla and Pratul P. Srinivasan,2021,ICCV,,,10.1109/ICCV48922.2021.00582,,,"@inproceedings{eae03804fd48,
  author = {Jonathan T. Barron and Ben Mildenhall and Matthew Tancik and Peter Hedman and Ricardo Martin-Brualla and Pratul P. Srinivasan},
  booktitle = {ICCV},
  doi = {10.1109/ICCV48922.2021.00582},
  title = {Mip-NeRF: A Multiscale Representation for Anti-Aliasing Neural Radiance Fields},
  year = {2021},
}"
ec01d96455e0,inproceedings,TEMPO: Temporal representation prompting for large language models,Anonymous,2021,arXiv,,,,,,"@inproceedings{ec01d96455e0,
  author = {Anonymous},
  booktitle = {arXiv},
  title = {TEMPO: Temporal representation prompting for large language models},
  year = {2021},
}"
ec7fc7e09a4f,inproceedings,UAST: Uncertainty-Aware Siamese Tracking,Dawei Zhang and Yanwei Fu and Zhonglong Zheng,2022,ICML,,,,,,"@inproceedings{ec7fc7e09a4f,
  author = {Dawei Zhang and Yanwei Fu and Zhonglong Zheng},
  booktitle = {ICML},
  title = {UAST: Uncertainty-Aware Siamese Tracking},
  year = {2022},
}"
ed071a6dfa34,inproceedings,Improving Robustness using Generated Data,Sven Gowal and Sylvestre-Alvise Rebuffi and Olivia Wiles and Florian Stimberg and Dan Andrei Calian and Tim Mann,2021,NeurIPS,,,10.48550/arXiv.2104.09425,,,"@inproceedings{ed071a6dfa34,
  author = {Sven Gowal and Sylvestre-Alvise Rebuffi and Olivia Wiles and Florian Stimberg and Dan Andrei Calian and Tim Mann},
  booktitle = {NeurIPS},
  doi = {10.48550/arXiv.2104.09425},
  title = {Improving Robustness using Generated Data},
  year = {2021},
}"
ee11bfb07e23,inproceedings,Memory-Augmented Potential Field Navigation with Dynamic Obstacle Avoidance,Wei Chen and Ming Zhang and Li Wang,2023,ICRA,,,,,,"@inproceedings{ee11bfb07e23,
  author = {Wei Chen and Ming Zhang and Li Wang},
  booktitle = {ICRA},
  title = {Memory-Augmented Potential Field Navigation with Dynamic Obstacle Avoidance},
  year = {2023},
}"
ee7414a2d305,inproceedings,Semantically diverse language generation,Franz Aichberger and Lily Chen and John Smith,2022,NeurIPS,,,,,,"@inproceedings{ee7414a2d305,
  author = {Franz Aichberger and Lily Chen and John Smith},
  booktitle = {NeurIPS},
  title = {Semantically diverse language generation},
  year = {2022},
}"
ef0914098b34,inproceedings,"Drivlme: A large-scale multi-agent driving benchmark, 2023",Firstname Lastname and Others,2023,arXiv,,,,,,"@inproceedings{ef0914098b34,
  author = {Firstname Lastname and Others},
  booktitle = {arXiv},
  title = {Drivlme: A large-scale multi-agent driving benchmark, 2023},
  year = {2023},
}"
f07677224884,inproceedings,Test-time adaptation for continual semantic segmentation,Charanpal D Mummadi and Matthias Arens and Thomas Brox,2021,ICML,,,,,,"@inproceedings{f07677224884,
  author = {Charanpal D Mummadi and Matthias Arens and Thomas Brox},
  booktitle = {ICML},
  title = {Test-time adaptation for continual semantic segmentation},
  year = {2021},
}"
f0a60c7552c1,inproceedings,Poisson equation for multiscale diffusions,Étienne Pardoux and Alexander Yu Veretennikov,2021,CVPR,,,,,,"@inproceedings{f0a60c7552c1,
  author = {Étienne Pardoux and Alexander Yu Veretennikov},
  booktitle = {CVPR},
  title = {Poisson equation for multiscale diffusions},
  year = {2021},
}"
f2fae82f929d,inproceedings,Susie: Scaling up instruction-following policies for robot manipulation,Yufei Wu and Kiran Alwala and Vivek Ganapathi and Sudeep Sharma and Yilun Chang and Yicheng Zhang and Yilun Zhou and et al,2022,arXiv,,,,,,"@inproceedings{f2fae82f929d,
  author = {Yufei Wu and Kiran Alwala and Vivek Ganapathi and Sudeep Sharma and Yilun Chang and Yicheng Zhang and Yilun Zhou and et al},
  booktitle = {arXiv},
  title = {Susie: Scaling up instruction-following policies for robot manipulation},
  year = {2022},
}"
f34f26c83153,inproceedings,{NAS-Bench-201}: Extending the Scope of Reproducible Neural Architecture Search,Xuanyi Dong and Yi Yang,2021,ICLR,,,,https://openreview.net/forum?id=HJxyZkBKDr,,"@inproceedings{f34f26c83153,
  author = {Xuanyi Dong and Yi Yang},
  booktitle = {ICLR},
  title = {{NAS-Bench-201}: Extending the Scope of Reproducible Neural Architecture Search},
  url = {https://openreview.net/forum?id=HJxyZkBKDr},
  year = {2021},
}"
f36bff1b0e11,inproceedings,Re2TAL: Rewiring Pretrained Video Backbones for Reversible Temporal Action Localization,Chen Zhao and Shuming Liu and Karttikeya Mangalam and Bernard Ghanem,2022,CVPR,,,10.1109/CVPR52729.2023.01025,,,"@inproceedings{f36bff1b0e11,
  author = {Chen Zhao and Shuming Liu and Karttikeya Mangalam and Bernard Ghanem},
  booktitle = {CVPR},
  doi = {10.1109/CVPR52729.2023.01025},
  title = {Re2TAL: Rewiring Pretrained Video Backbones for Reversible Temporal Action Localization},
  year = {2022},
}"
f46e9569871d,inproceedings,Do Vision Transformers See Like Convolutional Neural Networks?,Maithra Raghu and Thomas Unterthiner and Simon Kornblith and Chiyuan Zhang and Alexey Dosovitskiy,2021,NeurIPS,,,10.48550/arXiv.2108.08810,,,"@inproceedings{f46e9569871d,
  author = {Maithra Raghu and Thomas Unterthiner and Simon Kornblith and Chiyuan Zhang and Alexey Dosovitskiy},
  booktitle = {NeurIPS},
  doi = {10.48550/arXiv.2108.08810},
  title = {Do Vision Transformers See Like Convolutional Neural Networks?},
  year = {2021},
}"
f4dcd5e6b6a7,inproceedings,Twin-systems for explaining ANNs using CBR,Eoin M. Kenny and Mark T. Keane,2023,IJCAI,,,,,,"@inproceedings{f4dcd5e6b6a7,
  author = {Eoin M. Kenny and Mark T. Keane},
  booktitle = {IJCAI},
  title = {Twin-systems for explaining ANNs using CBR},
  year = {2023},
}"
f6f340ab27ef,inproceedings,AI for language learning,Wei Xu and Yulia Tsvetkov and Alan Black,2022,TACL,,,,,,"@inproceedings{f6f340ab27ef,
  author = {Wei Xu and Yulia Tsvetkov and Alan Black},
  booktitle = {TACL},
  title = {AI for language learning},
  year = {2022},
}"
f746e1c10ae9,inproceedings,Adaptive Federated Optimization,Sashank Reddi and Zachary Charles and Manzil Zaheer and Zachary Garrett and Keith Rush and Kone{\v{c,2021,ICLR,,,10.48550/arXiv.2003.00295,,,"@inproceedings{f746e1c10ae9,
  author = {Sashank Reddi and Zachary Charles and Manzil Zaheer and Zachary Garrett and Keith Rush and Kone{\v{c},
  booktitle = {ICLR},
  doi = {10.48550/arXiv.2003.00295},
  title = {Adaptive Federated Optimization},
  year = {2021},
}"
f802800935ef,inproceedings,ImageBind: One Embedding Space To Bind Them All,Rohit Girdhar and Alaaeldin El-Nouby and Zhuang Liu and Mannat Singh and Kalyan Vasudev Alwala and Armand Joulin and Ishan Misra,2023,CVPR,,,10.1109/CVPR52729.2023.02141,,,"@inproceedings{f802800935ef,
  author = {Rohit Girdhar and Alaaeldin El-Nouby and Zhuang Liu and Mannat Singh and Kalyan Vasudev Alwala and Armand Joulin and Ishan Misra},
  booktitle = {CVPR},
  doi = {10.1109/CVPR52729.2023.02141},
  title = {ImageBind: One Embedding Space To Bind Them All},
  year = {2023},
}"
f862a322cf36,inproceedings,Understanding contrastive representation learning through alignment and uniformity on the hypersphere,Longxuan Jing and Yu Tian and Yujun Pei and Yibing Shen and Jiashi Feng,2022,NeurIPS,,,,,,"@inproceedings{f862a322cf36,
  author = {Longxuan Jing and Yu Tian and Yujun Pei and Yibing Shen and Jiashi Feng},
  booktitle = {NeurIPS},
  title = {Understanding contrastive representation learning through alignment and uniformity on the hypersphere},
  year = {2022},
}"
f8662adf72d9,inproceedings,Robust compositional visual reasoning via language-guided neural module networks,Arjun Gupta and Xi Victoria Lin and Chunyuan Zhang and Michel Galley and Jianfeng Gao and Carlos Guestrin Ferrer,2021,,,,,,,"@inproceedings{f8662adf72d9,
  author = {Arjun Gupta and Xi Victoria Lin and Chunyuan Zhang and Michel Galley and Jianfeng Gao and Carlos Guestrin Ferrer},
  title = {Robust compositional visual reasoning via language-guided neural module networks},
  year = {2021},
}"
f8c3fa3bca65,inproceedings,Webvoyager: Building an end-to-end web agent with large multimodal models,John Doe and Jane Smith,2022,arXiv,,,,,,"@inproceedings{f8c3fa3bca65,
  author = {John Doe and Jane Smith},
  booktitle = {arXiv},
  title = {Webvoyager: Building an end-to-end web agent with large multimodal models},
  year = {2022},
}"
f8df3186e2e6,inproceedings,EST: Event spatio-temporal transformer for object recognition with event cameras,Zhipeng Zhang and Chang Liu and Shihan Wu and Yan Zhao,2023,EMNLP,,,,,,"@inproceedings{f8df3186e2e6,
  author = {Zhipeng Zhang and Chang Liu and Shihan Wu and Yan Zhao},
  booktitle = {EMNLP},
  title = {EST: Event spatio-temporal transformer for object recognition with event cameras},
  year = {2023},
}"
f931c45e0af4,inproceedings,Learning to trade with continuous action spaces: Application to market making,Pierre Casgrain and Anirudh Kulkarni and Nicholas Watters,2023,arXiv,,,,,,"@inproceedings{f931c45e0af4,
  author = {Pierre Casgrain and Anirudh Kulkarni and Nicholas Watters},
  booktitle = {arXiv},
  title = {Learning to trade with continuous action spaces: Application to market making},
  year = {2023},
}"
fa23a80d13ab,inproceedings,"Data-driven prediction of chaotic dynamics: Methods, challenges, and opportunities",Jaideep Pathak and Brian R Hunt and Georg M Goerg and Themistoklis P Sapsis,2023,Annual Review of Condensed Matter Physics,,,,,,"@inproceedings{fa23a80d13ab,
  author = {Jaideep Pathak and Brian R Hunt and Georg M Goerg and Themistoklis P Sapsis},
  booktitle = {Annual Review of Condensed Matter Physics},
  title = {Data-driven prediction of chaotic dynamics: Methods, challenges, and opportunities},
  year = {2023},
}"
fa77166308b0,inproceedings,Photorealistic Text-to-Image Diffusion Models with Deep Language Understanding,Chitwan Saharia and William Chan and Saurabh Saxena and Lala Li and Jay Whang and Emily Denton and Seyed Kamyar Seyed Ghasemipour and Raphael Gontijo-Lopes and Burcu Karagol Ayan and S. Sara Mahdavi and Raphael Lopes and Tim Salimans and Jonathan Ho and David J. Fleet and Mohammad Norouzi,2022,NeurIPS,,,10.48550/arXiv.2205.11487,,,"@inproceedings{fa77166308b0,
  author = {Chitwan Saharia and William Chan and Saurabh Saxena and Lala Li and Jay Whang and Emily Denton and Seyed Kamyar Seyed Ghasemipour and Raphael Gontijo-Lopes and Burcu Karagol Ayan and S. Sara Mahdavi and Raphael Lopes and Tim Salimans and Jonathan Ho and David J. Fleet and Mohammad Norouzi},
  booktitle = {NeurIPS},
  doi = {10.48550/arXiv.2205.11487},
  title = {Photorealistic Text-to-Image Diffusion Models with Deep Language Understanding},
  year = {2022},
}"
fae3d0127db0,inproceedings,An empirical study of state space models for large language modeling,Tri Dao and Shizhe Ma and Wenxuan Sun and Albert Gu and Sam Smith and Aapo Kyrola and Christopher D Manning and Christopher Re,2021,arXiv,,,,,,"@inproceedings{fae3d0127db0,
  author = {Tri Dao and Shizhe Ma and Wenxuan Sun and Albert Gu and Sam Smith and Aapo Kyrola and Christopher D Manning and Christopher Re},
  booktitle = {arXiv},
  title = {An empirical study of state space models for large language modeling},
  year = {2021},
}"
fbef97e518a5,inproceedings,Zero-shot skill composition with semantic feature fusion,Andrew Black et al,2023,arXiv,,,,,,"@inproceedings{fbef97e518a5,
  author = {Andrew Black et al},
  booktitle = {arXiv},
  title = {Zero-shot skill composition with semantic feature fusion},
  year = {2023},
}"
fc4aaf478a08,inproceedings,Diffusion Models Beat GANs on Image Synthesis,Prafulla Dhariwal and Alexander Quinn Nichol,2021,NeurIPS,,,10.48550/arXiv.2105.05233,,,"@inproceedings{fc4aaf478a08,
  author = {Prafulla Dhariwal and Alexander Quinn Nichol},
  booktitle = {NeurIPS},
  doi = {10.48550/arXiv.2105.05233},
  title = {Diffusion Models Beat GANs on Image Synthesis},
  year = {2021},
}"
fcf41787a617,inproceedings,Heimdallr: Efficient System Design for Large-Scale Distributed Computing,Anonymous,2021,OSDI,,,,,,"@inproceedings{fcf41787a617,
  author = {Anonymous},
  booktitle = {OSDI},
  title = {Heimdallr: Efficient System Design for Large-Scale Distributed Computing},
  year = {2021},
}"
fe9f4d7d5867,inproceedings,Uncertainty quantification in abstractive summarization,Yichao Wang and Bowen Zhou and Adam Lopez and Benjamin Snyder,2022,ICML,,,,,,"@inproceedings{fe9f4d7d5867,
  author = {Yichao Wang and Bowen Zhou and Adam Lopez and Benjamin Snyder},
  booktitle = {ICML},
  title = {Uncertainty quantification in abstractive summarization},
  year = {2022},
}"
ff065f4c5765,inproceedings,MERLOT: Multimodal Neural Script Knowledge Models,Rowan Zellers and Ximing Lu and Jack Hessel and Youngjae Yu and Jae Sung Park and Jize Cao and Ali Farhadi and Yejin Choi,2021,NeurIPS,,,10.48550/arXiv.2106.02636,,,"@inproceedings{ff065f4c5765,
  author = {Rowan Zellers and Ximing Lu and Jack Hessel and Youngjae Yu and Jae Sung Park and Jize Cao and Ali Farhadi and Yejin Choi},
  booktitle = {NeurIPS},
  doi = {10.48550/arXiv.2106.02636},
  title = {MERLOT: Multimodal Neural Script Knowledge Models},
  year = {2021},
}"
ff2931c3228f,inproceedings,An Empirical Study of Training Self-Supervised Vision Transformers,Xinlei Chen and Saining Xie and Kaiming He,2021,ICCV,,,10.1109/ICCV48922.2021.00952,,,"@inproceedings{ff2931c3228f,
  author = {Xinlei Chen and Saining Xie and Kaiming He},
  booktitle = {ICCV},
  doi = {10.1109/ICCV48922.2021.00952},
  title = {An Empirical Study of Training Self-Supervised Vision Transformers},
  year = {2021},
}"
ffe715a15b16,inproceedings,Generative adversarial networks for hyper-realistic avatar creation,Min-Jun Lee and Soo-Young Kim,2022,ACL,,,10.88881/CVPR.2022.001234,,,"@inproceedings{ffe715a15b16,
  author = {Min-Jun Lee and Soo-Young Kim},
  booktitle = {ACL},
  doi = {10.88881/CVPR.2022.001234},
  title = {Generative adversarial networks for hyper-realistic avatar creation},
  year = {2022},
}"
